"n0","t0","qp_sec","hybrid_sec","fw_sec","speedup_hybrid","rel_obj_hybrid","rel_obj_fw","support_hybrid","fw_iters"
500,100,0.446,0.021,0.133,21.2380952380952,-2.44405837894032e-07,0.0415126511636829,40,300
2000,100,2.168,0.0760000000000001,0.497,28.5263157894737,-2.64481265161856e-07,0.0801998304873667,45,300
5000,100,23.511,0.195,1.24,120.569230769231,-8.73794132288978e-10,0.127338227982648,71,300
10000,100,186.134,0.417000000000002,2.40800000000002,446.364508393284,-9.9496479471366e-06,0.0852861141437947,82,300
500,250,0.0840000000000032,0.0640000000000214,0.324000000000012,1.31249999999961,-9.66688595952899e-08,0.0668178863168686,72,300
2000,250,2.07300000000001,0.193999999999988,1.27000000000001,10.68556701031,-7.45617319370569e-08,0.0643437354927671,67,300
5000,250,20.983,0.494,3.268,42.4757085020243,-8.93172582170545e-08,0.043695218432229,59,300
10000,250,492.244,0.976999999999975,6.52999999999997,503.83213920165,-8.71156148736319e-09,0.0297562188183524,50,300
