"support_cap","cap_x_t0","sec","speedup","rel_obj","support_used","qp_sec","n0","t0"
225,1,0.380000000000003,123.444736842104,4.37034899987036e-09,147,46.909,4080,225
450,2,0.372,126.099462365591,4.37034899987036e-09,147,46.909,4080,225
1125,5,0.363999999999997,128.87087912088,4.37034899987036e-09,147,46.909,4080,225
2250,10,0.356999999999999,131.397759103642,4.37034899987036e-09,147,46.909,4080,225
